,Crash_Year,Crash_Police_Region,Crash_Severity,Involving_Male_Driver,Involving_Female_Driver,Involving_Young_Driver_16-24,Involving_Senior_Driver_60plus,Involving_Provisional_Driver,Involving_Overseas_Licensed_Driver,Involving_Unlicensed_Driver,Count_Crashes,Count_Casualty_Fatality,Count_Casualty_Hospitalised,Count_Casualty_MedicallyTreated,Count_Casualty_MinorInjury,Count_Casualty_All
0,2013,Brisbane,Fatal,0,0,0,0,0,0,0,1,1,0,0,0,1
1,2013,Brisbane,Fatal,0,1,0,0,0,0,0,2,2,0,0,0,2
2,2013,Brisbane,Fatal,0,1,0,0,1,0,0,1,1,0,0,0,1
3,2013,Brisbane,Fatal,0,1,0,1,0,0,0,2,2,2,0,0,4
4,2013,Brisbane,Fatal,0,1,1,0,0,0,0,2,3,1,2,0,6
5,2013,Brisbane,Fatal,1,0,0,0,0,0,0,9,9,1,1,0,11
6,2013,Brisbane,Fatal,1,0,0,0,1,0,0,1,1,0,0,0,1
7,2013,Brisbane,Fatal,1,0,0,1,0,0,0,2,2,1,0,0,3
8,2013,Brisbane,Fatal,1,0,1,0,0,0,0,4,4,0,0,0,4
9,2013,Brisbane,Fatal,1,0,1,0,0,0,1,1,1,3,0,0,4
10,2013,Brisbane,Fatal,1,0,1,0,1,0,0,1,1,0,0,0,1
11,2013,Brisbane,Fatal,1,1,1,0,1,0,0,1,1,1,1,0,3
12,2013,Brisbane,Fatal,1,1,1,1,1,0,0,1,1,3,0,0,4
13,2013,Brisbane,Hospitalisation,0,0,0,0,0,0,0,39,0,43,2,1,46
14,2013,Brisbane,Hospitalisation,0,0,0,0,0,0,1,1,0,1,0,0,1
15,2013,Brisbane,Hospitalisation,0,1,0,0,0,0,0,153,0,170,8,16,194
16,2013,Brisbane,Hospitalisation,0,1,0,0,0,0,1,3,0,4,0,0,4
17,2013,Brisbane,Hospitalisation,0,1,0,0,0,1,0,2,0,2,0,0,2
18,2013,Brisbane,Hospitalisation,0,1,0,0,1,0,0,6,0,9,0,0,9
19,2013,Brisbane,Hospitalisation,0,1,0,1,0,0,0,51,0,56,8,4,68
20,2013,Brisbane,Hospitalisation,0,1,0,1,0,1,0,1,0,1,0,0,1
21,2013,Brisbane,Hospitalisation,0,1,1,0,0,0,0,38,0,42,3,4,49
22,2013,Brisbane,Hospitalisation,0,1,1,0,0,0,1,1,0,1,0,0,1
23,2013,Brisbane,Hospitalisation,0,1,1,0,0,1,0,2,0,2,0,1,3
24,2013,Brisbane,Hospitalisation,0,1,1,0,1,0,0,79,0,92,6,9,107
25,2013,Brisbane,Hospitalisation,0,1,1,0,1,0,1,1,0,1,0,0,1
26,2013,Brisbane,Hospitalisation,0,1,1,1,0,0,0,6,0,7,2,0,9
27,2013,Brisbane,Hospitalisation,0,1,1,1,0,1,0,1,0,3,0,0,3
28,2013,Brisbane,Hospitalisation,0,1,1,1,1,0,0,2,0,2,0,0,2
29,2013,Brisbane,Hospitalisation,1,0,0,0,0,0,0,400,0,432,31,20,483
30,2013,Brisbane,Hospitalisation,1,0,0,0,0,0,1,25,0,26,1,2,29
31,2013,Brisbane,Hospitalisation,1,0,0,0,0,1,0,4,0,4,0,0,4
32,2013,Brisbane,Hospitalisation,1,0,0,0,0,1,1,1,0,1,0,0,1
33,2013,Brisbane,Hospitalisation,1,0,0,0,1,0,0,14,0,20,1,2,23
34,2013,Brisbane,Hospitalisation,1,0,0,1,0,0,0,108,0,121,12,9,142
35,2013,Brisbane,Hospitalisation,1,0,0,1,0,0,1,1,0,1,0,0,1
36,2013,Brisbane,Hospitalisation,1,0,0,1,1,0,0,1,0,1,0,0,1
37,2013,Brisbane,Hospitalisation,1,0,1,0,0,0,0,94,0,110,4,4,118
38,2013,Brisbane,Hospitalisation,1,0,1,0,0,0,1,16,0,19,3,2,24
39,2013,Brisbane,Hospitalisation,1,0,1,0,0,1,0,3,0,4,2,0,6
40,2013,Brisbane,Hospitalisation,1,0,1,0,1,0,0,99,0,113,16,8,137
41,2013,Brisbane,Hospitalisation,1,0,1,0,1,0,1,2,0,2,0,1,3
42,2013,Brisbane,Hospitalisation,1,0,1,1,0,0,0,5,0,5,2,0,7
43,2013,Brisbane,Hospitalisation,1,0,1,1,0,1,0,2,0,2,1,0,3
44,2013,Brisbane,Hospitalisation,1,0,1,1,1,0,0,5,0,7,0,1,8
45,2013,Brisbane,Hospitalisation,1,1,0,0,0,0,0,179,0,216,39,30,285
46,2013,Brisbane,Hospitalisation,1,1,0,0,0,0,1,6,0,6,4,0,10
47,2013,Brisbane,Hospitalisation,1,1,0,0,0,1,0,7,0,9,0,0,9
48,2013,Brisbane,Hospitalisation,1,1,0,0,1,0,0,4,0,6,1,0,7
49,2013,Brisbane,Hospitalisation,1,1,0,1,0,0,0,90,0,124,19,10,153
50,2013,Brisbane,Hospitalisation,1,1,0,1,0,0,1,2,0,3,0,0,3
51,2013,Brisbane,Hospitalisation,1,1,0,1,0,1,0,2,0,7,0,0,7
52,2013,Brisbane,Hospitalisation,1,1,1,0,0,0,0,72,0,84,12,11,107
53,2013,Brisbane,Hospitalisation,1,1,1,0,0,0,1,9,0,11,1,1,13
54,2013,Brisbane,Hospitalisation,1,1,1,0,0,1,0,3,0,3,3,1,7
55,2013,Brisbane,Hospitalisation,1,1,1,0,1,0,0,85,0,106,12,14,132
56,2013,Brisbane,Hospitalisation,1,1,1,0,1,0,1,4,0,4,0,1,5
57,2013,Brisbane,Hospitalisation,1,1,1,0,1,1,0,2,0,4,2,0,6
58,2013,Brisbane,Hospitalisation,1,1,1,1,0,0,0,17,0,19,2,1,22
59,2013,Brisbane,Hospitalisation,1,1,1,1,0,0,1,1,0,1,1,0,2
60,2013,Brisbane,Hospitalisation,1,1,1,1,1,0,0,13,0,17,3,2,22
61,2013,Brisbane,Medical treatment,0,0,0,0,0,0,0,25,0,0,31,2,33
62,2013,Brisbane,Medical treatment,0,1,0,0,0,0,0,200,0,0,227,16,243
63,2013,Brisbane,Medical treatment,0,1,0,0,0,0,1,4,0,0,5,1,6
64,2013,Brisbane,Medical treatment,0,1,0,0,1,0,0,3,0,0,4,0,4
65,2013,Brisbane,Medical treatment,0,1,0,1,0,0,0,62,0,0,65,2,67
66,2013,Brisbane,Medical treatment,0,1,0,1,1,0,0,1,0,0,2,0,2
67,2013,Brisbane,Medical treatment,0,1,1,0,0,0,0,84,0,0,101,6,107
68,2013,Brisbane,Medical treatment,0,1,1,0,0,0,1,5,0,0,5,0,5
69,2013,Brisbane,Medical treatment,0,1,1,0,1,0,0,57,0,0,61,3,64
70,2013,Brisbane,Medical treatment,0,1,1,1,0,0,0,6,0,0,7,0,7
71,2013,Brisbane,Medical treatment,0,1,1,1,1,0,0,1,0,0,2,0,2
72,2013,Brisbane,Medical treatment,1,0,0,0,0,0,0,365,0,0,411,21,432
73,2013,Brisbane,Medical treatment,1,0,0,0,0,0,1,16,0,0,20,0,20
74,2013,Brisbane,Medical treatment,1,0,0,0,0,1,0,1,0,0,1,0,1
75,2013,Brisbane,Medical treatment,1,0,0,0,1,0,0,9,0,0,12,0,12
76,2013,Brisbane,Medical treatment,1,0,0,1,0,0,0,106,0,0,121,10,131
77,2013,Brisbane,Medical treatment,1,0,0,1,1,0,0,1,0,0,1,0,1
78,2013,Brisbane,Medical treatment,1,0,1,0,0,0,0,121,0,0,138,7,145
79,2013,Brisbane,Medical treatment,1,0,1,0,0,0,1,12,0,0,16,0,16
80,2013,Brisbane,Medical treatment,1,0,1,0,1,0,0,55,0,0,60,11,71
81,2013,Brisbane,Medical treatment,1,0,1,1,0,0,0,14,0,0,19,0,19
82,2013,Brisbane,Medical treatment,1,0,1,1,0,0,1,1,0,0,1,0,1
83,2013,Brisbane,Medical treatment,1,0,1,1,1,0,0,6,0,0,7,1,8
84,2013,Brisbane,Medical treatment,1,1,0,0,0,0,0,341,0,0,423,31,454
85,2013,Brisbane,Medical treatment,1,1,0,0,0,0,1,9,0,0,10,4,14
86,2013,Brisbane,Medical treatment,1,1,0,0,1,0,0,11,0,0,14,0,14
87,2013,Brisbane,Medical treatment,1,1,0,0,1,0,1,1,0,0,3,1,4
88,2013,Brisbane,Medical treatment,1,1,0,1,0,0,0,124,0,0,163,12,175
89,2013,Brisbane,Medical treatment,1,1,0,1,0,0,1,4,0,0,6,0,6
90,2013,Brisbane,Medical treatment,1,1,0,1,1,0,0,1,0,0,1,0,1
91,2013,Brisbane,Medical treatment,1,1,0,1,1,0,1,1,0,0,1,0,1
92,2013,Brisbane,Medical treatment,1,1,1,0,0,0,0,168,0,0,220,17,237
93,2013,Brisbane,Medical treatment,1,1,1,0,0,0,1,5,0,0,5,0,5
94,2013,Brisbane,Medical treatment,1,1,1,0,1,0,0,99,0,0,121,13,134
95,2013,Brisbane,Medical treatment,1,1,1,0,1,0,1,1,0,0,1,0,1
96,2013,Brisbane,Medical treatment,1,1,1,1,0,0,0,29,0,0,34,4,38
97,2013,Brisbane,Medical treatment,1,1,1,1,0,0,1,1,0,0,1,0,1
98,2013,Brisbane,Medical treatment,1,1,1,1,1,0,0,15,0,0,17,2,19
99,2013,Brisbane,Minor injury,0,0,0,0,0,0,0,7,0,0,0,7,7
100,2013,Brisbane,Minor injury,0,1,0,0,0,0,0,51,0,0,0,58,58
101,2013,Brisbane,Minor injury,0,1,0,0,0,0,1,1,0,0,0,1,1
102,2013,Brisbane,Minor injury,0,1,0,1,0,0,0,12,0,0,0,14,14
103,2013,Brisbane,Minor injury,0,1,1,0,0,0,0,17,0,0,0,20,20
104,2013,Brisbane,Minor injury,0,1,1,0,1,0,0,18,0,0,0,22,22
105,2013,Brisbane,Minor injury,0,1,1,1,0,0,0,3,0,0,0,3,3
106,2013,Brisbane,Minor injury,1,0,0,0,0,0,0,105,0,0,0,123,123
107,2013,Brisbane,Minor injury,1,0,0,0,0,0,1,9,0,0,0,10,10
108,2013,Brisbane,Minor injury,1,0,0,0,1,0,0,1,0,0,0,1,1
109,2013,Brisbane,Minor injury,1,0,0,1,0,0,0,33,0,0,0,35,35
110,2013,Brisbane,Minor injury,1,0,0,1,0,0,1,3,0,0,0,4,4
111,2013,Brisbane,Minor injury,1,0,1,0,0,0,0,30,0,0,0,34,34
112,2013,Brisbane,Minor injury,1,0,1,0,0,0,1,3,0,0,0,4,4
113,2013,Brisbane,Minor injury,1,0,1,0,1,0,0,18,0,0,0,19,19
114,2013,Brisbane,Minor injury,1,0,1,0,1,0,1,1,0,0,0,2,2
115,2013,Brisbane,Minor injury,1,0,1,1,0,0,0,3,0,0,0,4,4
116,2013,Brisbane,Minor injury,1,0,1,1,1,0,0,1,0,0,0,1,1
117,2013,Brisbane,Minor injury,1,1,0,0,0,0,0,67,0,0,0,81,81
118,2013,Brisbane,Minor injury,1,1,0,0,0,0,1,4,0,0,0,4,4
119,2013,Brisbane,Minor injury,1,1,0,0,0,1,0,1,0,0,0,1,1
120,2013,Brisbane,Minor injury,1,1,0,0,1,0,0,2,0,0,0,2,2
121,2013,Brisbane,Minor injury,1,1,0,1,0,0,0,27,0,0,0,32,32
122,2013,Brisbane,Minor injury,1,1,0,1,0,0,1,2,0,0,0,2,2
123,2013,Brisbane,Minor injury,1,1,0,1,1,0,0,1,0,0,0,1,1
124,2013,Brisbane,Minor injury,1,1,1,0,0,0,0,33,0,0,0,36,36
125,2013,Brisbane,Minor injury,1,1,1,0,0,0,1,5,0,0,0,5,5
126,2013,Brisbane,Minor injury,1,1,1,0,1,0,0,21,0,0,0,27,27
127,2013,Brisbane,Minor injury,1,1,1,1,0,0,0,7,0,0,0,11,11
128,2013,Brisbane,Minor injury,1,1,1,1,0,1,0,1,0,0,0,1,1
129,2013,Brisbane,Minor injury,1,1,1,1,1,0,0,3,0,0,0,3,3
130,2013,Brisbane,Minor injury,1,1,1,1,1,0,1,1,0,0,0,1,1
131,2014,Brisbane,Fatal,0,0,0,0,0,0,0,1,1,0,0,0,1
132,2014,Brisbane,Fatal,0,1,0,0,0,0,0,1,1,0,0,0,1
133,2014,Brisbane,Fatal,0,1,0,1,0,0,0,2,2,0,0,0,2
134,2014,Brisbane,Fatal,1,0,0,0,0,0,0,11,12,1,0,1,14
135,2014,Brisbane,Fatal,1,0,0,0,0,0,1,1,1,0,0,0,1
136,2014,Brisbane,Fatal,1,0,0,1,0,0,0,1,1,0,0,0,1
137,2014,Brisbane,Fatal,1,0,1,0,0,0,0,2,2,0,1,0,3
138,2014,Brisbane,Fatal,1,0,1,0,1,0,0,1,1,0,0,0,1
139,2014,Brisbane,Fatal,1,0,1,1,1,0,0,1,1,2,1,0,4
140,2014,Brisbane,Fatal,1,1,0,1,0,0,0,2,3,0,1,1,5
141,2014,Brisbane,Fatal,1,1,1,1,0,0,1,1,1,0,0,0,1
142,2014,Brisbane,Fatal,1,1,1,1,1,0,0,1,1,1,0,0,2
143,2014,Brisbane,Hospitalisation,0,0,0,0,0,0,0,28,0,28,4,0,32
144,2014,Brisbane,Hospitalisation,0,1,0,0,0,0,0,149,0,160,13,9,182
145,2014,Brisbane,Hospitalisation,0,1,0,0,0,0,1,9,0,9,0,0,9
146,2014,Brisbane,Hospitalisation,0,1,0,0,1,0,0,4,0,7,0,0,7
147,2014,Brisbane,Hospitalisation,0,1,0,1,0,0,0,49,0,54,6,4,64
148,2014,Brisbane,Hospitalisation,0,1,0,1,0,0,1,2,0,3,0,0,3
149,2014,Brisbane,Hospitalisation,0,1,1,0,0,0,0,45,0,49,2,1,52
150,2014,Brisbane,Hospitalisation,0,1,1,0,0,0,1,3,0,7,0,0,7
151,2014,Brisbane,Hospitalisation,0,1,1,0,1,0,0,51,0,71,8,1,80
152,2014,Brisbane,Hospitalisation,0,1,1,1,0,0,0,1,0,1,0,0,1
153,2014,Brisbane,Hospitalisation,0,1,1,1,1,0,0,1,0,1,0,0,1
154,2014,Brisbane,Hospitalisation,1,0,0,0,0,0,0,344,0,366,15,5,386
155,2014,Brisbane,Hospitalisation,1,0,0,0,0,0,1,36,0,39,2,3,44
156,2014,Brisbane,Hospitalisation,1,0,0,0,1,0,0,17,0,17,0,0,17
157,2014,Brisbane,Hospitalisation,1,0,0,1,0,0,0,111,0,126,6,5,137
158,2014,Brisbane,Hospitalisation,1,0,0,1,0,0,1,4,0,4,1,2,7
159,2014,Brisbane,Hospitalisation,1,0,1,0,0,0,0,84,0,95,5,7,107
160,2014,Brisbane,Hospitalisation,1,0,1,0,0,0,1,33,0,40,0,2,42
161,2014,Brisbane,Hospitalisation,1,0,1,0,1,0,0,77,0,94,4,8,106
162,2014,Brisbane,Hospitalisation,1,0,1,0,1,0,1,3,0,3,0,1,4
163,2014,Brisbane,Hospitalisation,1,0,1,1,0,0,0,15,0,16,1,0,17
164,2014,Brisbane,Hospitalisation,1,0,1,1,0,0,1,3,0,4,1,1,6
165,2014,Brisbane,Hospitalisation,1,0,1,1,1,0,0,10,0,14,1,1,16
166,2014,Brisbane,Hospitalisation,1,1,0,0,0,0,0,151,0,184,21,15,220
167,2014,Brisbane,Hospitalisation,1,1,0,0,0,0,1,10,0,12,2,2,16
168,2014,Brisbane,Hospitalisation,1,1,0,0,1,0,0,4,0,4,0,0,4
169,2014,Brisbane,Hospitalisation,1,1,0,0,1,0,1,1,0,1,0,0,1
170,2014,Brisbane,Hospitalisation,1,1,0,1,0,0,0,73,0,94,9,16,119
171,2014,Brisbane,Hospitalisation,1,1,0,1,0,0,1,6,0,8,1,2,11
172,2014,Brisbane,Hospitalisation,1,1,0,1,1,0,0,1,0,2,1,0,3
173,2014,Brisbane,Hospitalisation,1,1,1,0,0,0,0,55,0,65,12,7,84
174,2014,Brisbane,Hospitalisation,1,1,1,0,0,0,1,13,0,20,6,0,26
175,2014,Brisbane,Hospitalisation,1,1,1,0,1,0,0,61,0,70,9,10,89
176,2014,Brisbane,Hospitalisation,1,1,1,0,1,0,1,1,0,1,0,0,1
177,2014,Brisbane,Hospitalisation,1,1,1,1,0,0,0,17,0,23,2,6,31
178,2014,Brisbane,Hospitalisation,1,1,1,1,0,0,1,2,0,2,0,0,2
179,2014,Brisbane,Hospitalisation,1,1,1,1,1,0,0,16,0,23,3,7,33
180,2014,Brisbane,Hospitalisation,1,1,1,1,1,0,1,1,0,1,1,0,2
181,2014,Brisbane,Medical treatment,0,0,0,0,0,0,0,28,0,0,28,1,29
182,2014,Brisbane,Medical treatment,0,1,0,0,0,0,0,201,0,0,222,9,231
183,2014,Brisbane,Medical treatment,0,1,0,0,0,0,1,11,0,0,12,0,12
184,2014,Brisbane,Medical treatment,0,1,0,0,1,0,0,13,0,0,15,3,18
185,2014,Brisbane,Medical treatment,0,1,0,1,0,0,0,65,0,0,78,1,79
186,2014,Brisbane,Medical treatment,0,1,0,1,1,0,0,2,0,0,3,0,3
187,2014,Brisbane,Medical treatment,0,1,1,0,0,0,0,79,0,0,86,6,92
188,2014,Brisbane,Medical treatment,0,1,1,0,0,0,1,4,0,0,7,0,7
189,2014,Brisbane,Medical treatment,0,1,1,0,1,0,0,80,0,0,97,8,105
190,2014,Brisbane,Medical treatment,0,1,1,0,1,0,1,1,0,0,1,0,1
191,2014,Brisbane,Medical treatment,0,1,1,1,0,0,0,4,0,0,5,0,5
192,2014,Brisbane,Medical treatment,0,1,1,1,1,0,0,7,0,0,9,0,9
193,2014,Brisbane,Medical treatment,1,0,0,0,0,0,0,371,0,0,419,14,433
194,2014,Brisbane,Medical treatment,1,0,0,0,0,0,1,21,0,0,26,1,27
195,2014,Brisbane,Medical treatment,1,0,0,0,1,0,0,16,0,0,20,0,20
196,2014,Brisbane,Medical treatment,1,0,0,0,1,0,1,1,0,0,1,0,1
197,2014,Brisbane,Medical treatment,1,0,0,1,0,0,0,118,0,0,134,9,143
198,2014,Brisbane,Medical treatment,1,0,0,1,0,0,1,3,0,0,3,0,3
199,2014,Brisbane,Medical treatment,1,0,0,1,1,0,0,1,0,0,1,0,1
200,2014,Brisbane,Medical treatment,1,0,1,0,0,0,0,121,0,0,136,6,142
201,2014,Brisbane,Medical treatment,1,0,1,0,0,0,1,10,0,0,11,1,12
202,2014,Brisbane,Medical treatment,1,0,1,0,1,0,0,76,0,0,89,10,99
203,2014,Brisbane,Medical treatment,1,0,1,1,0,0,0,8,0,0,10,1,11
204,2014,Brisbane,Medical treatment,1,0,1,1,0,0,1,1,0,0,1,0,1
205,2014,Brisbane,Medical treatment,1,0,1,1,1,0,0,9,0,0,12,1,13
206,2014,Brisbane,Medical treatment,1,1,0,0,0,0,0,302,0,0,371,21,392
207,2014,Brisbane,Medical treatment,1,1,0,0,0,0,1,11,0,0,12,0,12
208,2014,Brisbane,Medical treatment,1,1,0,0,1,0,0,13,0,0,16,3,19
209,2014,Brisbane,Medical treatment,1,1,0,0,1,0,1,1,0,0,1,0,1
210,2014,Brisbane,Medical treatment,1,1,0,1,0,0,0,101,0,0,121,9,130
211,2014,Brisbane,Medical treatment,1,1,0,1,0,0,1,2,0,0,3,0,3
212,2014,Brisbane,Medical treatment,1,1,0,1,1,0,0,2,0,0,3,0,3
213,2014,Brisbane,Medical treatment,1,1,0,1,1,0,1,1,0,0,1,0,1
214,2014,Brisbane,Medical treatment,1,1,1,0,0,0,0,153,0,0,186,18,204
215,2014,Brisbane,Medical treatment,1,1,1,0,0,0,1,4,0,0,4,0,4
216,2014,Brisbane,Medical treatment,1,1,1,0,1,0,0,129,0,0,168,18,186
217,2014,Brisbane,Medical treatment,1,1,1,0,1,0,1,1,0,0,1,0,1
218,2014,Brisbane,Medical treatment,1,1,1,1,0,0,0,18,0,0,24,1,25
219,2014,Brisbane,Medical treatment,1,1,1,1,1,0,0,18,0,0,21,2,23
220,2014,Brisbane,Minor injury,0,0,0,0,0,0,0,10,0,0,0,11,11
221,2014,Brisbane,Minor injury,0,1,0,0,0,0,0,54,0,0,0,60,60
222,2014,Brisbane,Minor injury,0,1,0,0,1,0,0,2,0,0,0,2,2
223,2014,Brisbane,Minor injury,0,1,0,1,0,0,0,13,0,0,0,14,14
224,2014,Brisbane,Minor injury,0,1,1,0,0,0,0,15,0,0,0,17,17
225,2014,Brisbane,Minor injury,0,1,1,0,0,0,1,1,0,0,0,1,1
226,2014,Brisbane,Minor injury,0,1,1,0,1,0,0,19,0,0,0,23,23
227,2014,Brisbane,Minor injury,0,1,1,1,0,0,0,3,0,0,0,4,4
228,2014,Brisbane,Minor injury,0,1,1,1,1,0,0,1,0,0,0,1,1
229,2014,Brisbane,Minor injury,1,0,0,0,0,0,0,110,0,0,0,121,121
230,2014,Brisbane,Minor injury,1,0,0,0,0,0,1,4,0,0,0,4,4
231,2014,Brisbane,Minor injury,1,0,0,0,1,0,0,5,0,0,0,5,5
232,2014,Brisbane,Minor injury,1,0,0,1,0,0,0,24,0,0,0,28,28
233,2014,Brisbane,Minor injury,1,0,0,1,0,0,1,1,0,0,0,1,1
234,2014,Brisbane,Minor injury,1,0,1,0,0,0,0,32,0,0,0,39,39
235,2014,Brisbane,Minor injury,1,0,1,0,0,0,1,6,0,0,0,7,7
236,2014,Brisbane,Minor injury,1,0,1,0,1,0,0,18,0,0,0,20,20
237,2014,Brisbane,Minor injury,1,0,1,0,1,0,1,1,0,0,0,1,1
238,2014,Brisbane,Minor injury,1,0,1,1,0,0,0,2,0,0,0,3,3
239,2014,Brisbane,Minor injury,1,1,0,0,0,0,0,74,0,0,0,96,96
240,2014,Brisbane,Minor injury,1,1,0,0,0,0,1,1,0,0,0,1,1
241,2014,Brisbane,Minor injury,1,1,0,0,1,0,0,6,0,0,0,6,6
242,2014,Brisbane,Minor injury,1,1,0,0,1,0,1,1,0,0,0,1,1
243,2014,Brisbane,Minor injury,1,1,0,1,0,0,0,28,0,0,0,31,31
244,2014,Brisbane,Minor injury,1,1,0,1,1,0,0,2,0,0,0,2,2
245,2014,Brisbane,Minor injury,1,1,1,0,0,0,0,41,0,0,0,48,48
246,2014,Brisbane,Minor injury,1,1,1,0,0,0,1,2,0,0,0,2,2
247,2014,Brisbane,Minor injury,1,1,1,0,1,0,0,20,0,0,0,25,25
248,2014,Brisbane,Minor injury,1,1,1,0,1,0,1,1,0,0,0,1,1
249,2014,Brisbane,Minor injury,1,1,1,1,0,0,0,6,0,0,0,8,8
250,2014,Brisbane,Minor injury,1,1,1,1,1,0,0,5,0,0,0,7,7
251,2015,Brisbane,Fatal,0,1,0,0,0,0,0,5,5,0,0,1,6
252,2015,Brisbane,Fatal,1,0,0,0,0,0,0,10,10,0,0,1,11
253,2015,Brisbane,Fatal,1,0,0,0,0,0,1,3,3,0,0,0,3
254,2015,Brisbane,Fatal,1,0,0,0,0,1,0,1,1,1,0,0,2
255,2015,Brisbane,Fatal,1,0,0,1,0,0,0,3,3,1,0,0,4
256,2015,Brisbane,Fatal,1,0,1,0,0,0,0,1,1,0,0,0,1
257,2015,Brisbane,Fatal,1,0,1,0,0,1,0,1,1,0,0,0,1
258,2015,Brisbane,Fatal,1,0,1,0,1,0,0,2,2,0,0,0,2
259,2015,Brisbane,Fatal,1,1,0,0,0,0,0,2,3,1,1,1,6
260,2015,Brisbane,Fatal,1,1,0,0,0,0,1,1,1,1,1,0,3
261,2015,Brisbane,Fatal,1,1,1,0,0,0,1,1,1,0,0,0,1
262,2015,Brisbane,Hospitalisation,0,0,0,0,0,0,0,28,0,30,2,1,33
263,2015,Brisbane,Hospitalisation,0,1,0,0,0,0,0,123,0,131,12,8,151
264,2015,Brisbane,Hospitalisation,0,1,0,0,0,0,1,9,0,12,1,0,13
265,2015,Brisbane,Hospitalisation,0,1,0,0,1,0,0,3,0,5,0,0,5
266,2015,Brisbane,Hospitalisation,0,1,0,1,0,0,0,41,0,47,1,0,48
267,2015,Brisbane,Hospitalisation,0,1,0,1,1,0,0,1,0,1,0,0,1
268,2015,Brisbane,Hospitalisation,0,1,1,0,0,0,0,36,0,44,2,2,48
269,2015,Brisbane,Hospitalisation,0,1,1,0,0,0,1,4,0,4,0,0,4
270,2015,Brisbane,Hospitalisation,0,1,1,0,1,0,0,39,0,52,2,4,58
271,2015,Brisbane,Hospitalisation,0,1,1,0,1,0,1,1,0,1,0,0,1
272,2015,Brisbane,Hospitalisation,0,1,1,1,0,0,0,5,0,6,2,0,8
273,2015,Brisbane,Hospitalisation,0,1,1,1,1,0,0,5,0,8,1,1,10
274,2015,Brisbane,Hospitalisation,1,0,0,0,0,0,0,349,0,374,11,11,396
275,2015,Brisbane,Hospitalisation,1,0,0,0,0,0,1,28,0,32,1,1,34
276,2015,Brisbane,Hospitalisation,1,0,0,0,1,0,0,15,0,17,1,1,19
277,2015,Brisbane,Hospitalisation,1,0,0,1,0,0,0,105,0,118,14,6,138
278,2015,Brisbane,Hospitalisation,1,0,0,1,0,0,1,3,0,4,1,3,8
279,2015,Brisbane,Hospitalisation,1,0,0,1,1,0,0,2,0,3,0,2,5
280,2015,Brisbane,Hospitalisation,1,0,1,0,0,0,0,92,0,103,5,3,111
281,2015,Brisbane,Hospitalisation,1,0,1,0,0,0,1,15,0,17,2,0,19
282,2015,Brisbane,Hospitalisation,1,0,1,0,1,0,0,86,0,103,7,6,116
283,2015,Brisbane,Hospitalisation,1,0,1,0,1,0,1,1,0,2,0,0,2
284,2015,Brisbane,Hospitalisation,1,0,1,1,0,0,0,9,0,12,0,1,13
285,2015,Brisbane,Hospitalisation,1,0,1,1,1,0,0,12,0,13,1,2,16
286,2015,Brisbane,Hospitalisation,1,1,0,0,0,0,0,138,0,166,31,9,206
287,2015,Brisbane,Hospitalisation,1,1,0,0,0,0,1,6,0,7,5,1,13
288,2015,Brisbane,Hospitalisation,1,1,0,0,1,0,0,10,0,14,0,1,15
289,2015,Brisbane,Hospitalisation,1,1,0,1,0,0,0,72,0,88,16,8,112
290,2015,Brisbane,Hospitalisation,1,1,0,1,0,0,1,3,0,5,2,1,8
291,2015,Brisbane,Hospitalisation,1,1,0,1,1,0,0,2,0,2,0,1,3
292,2015,Brisbane,Hospitalisation,1,1,1,0,0,0,0,55,0,64,10,2,76
293,2015,Brisbane,Hospitalisation,1,1,1,0,0,0,1,8,0,10,1,3,14
294,2015,Brisbane,Hospitalisation,1,1,1,0,1,0,0,56,0,75,8,11,94
295,2015,Brisbane,Hospitalisation,1,1,1,0,1,0,1,2,0,3,1,0,4
296,2015,Brisbane,Hospitalisation,1,1,1,1,0,0,0,16,0,21,5,0,26
297,2015,Brisbane,Hospitalisation,1,1,1,1,0,0,1,2,0,3,5,0,8
298,2015,Brisbane,Hospitalisation,1,1,1,1,1,0,0,11,0,19,5,2,26
299,2015,Brisbane,Hospitalisation,1,1,1,1,1,0,1,1,0,2,3,0,5
300,2015,Brisbane,Medical treatment,0,0,0,0,0,0,0,25,0,0,25,0,25
301,2015,Brisbane,Medical treatment,0,1,0,0,0,0,0,221,0,0,254,8,262
302,2015,Brisbane,Medical treatment,0,1,0,0,0,0,1,6,0,0,8,1,9
303,2015,Brisbane,Medical treatment,0,1,0,0,1,0,0,8,0,0,8,3,11
304,2015,Brisbane,Medical treatment,0,1,0,1,0,0,0,61,0,0,71,1,72
305,2015,Brisbane,Medical treatment,0,1,0,1,1,0,0,2,0,0,2,0,2
306,2015,Brisbane,Medical treatment,0,1,1,0,0,0,0,65,0,0,80,13,93
307,2015,Brisbane,Medical treatment,0,1,1,0,0,0,1,3,0,0,4,1,5
308,2015,Brisbane,Medical treatment,0,1,1,0,1,0,0,80,0,0,105,5,110
309,2015,Brisbane,Medical treatment,0,1,1,1,0,0,0,3,0,0,3,0,3
310,2015,Brisbane,Medical treatment,0,1,1,1,1,0,0,9,0,0,12,0,12
311,2015,Brisbane,Medical treatment,1,0,0,0,0,0,0,410,0,0,462,13,475
312,2015,Brisbane,Medical treatment,1,0,0,0,0,0,1,15,0,0,19,1,20
313,2015,Brisbane,Medical treatment,1,0,0,0,1,0,0,16,0,0,18,0,18
314,2015,Brisbane,Medical treatment,1,0,0,1,0,0,0,130,0,0,141,6,147
315,2015,Brisbane,Medical treatment,1,0,0,1,0,0,1,2,0,0,2,0,2
316,2015,Brisbane,Medical treatment,1,0,0,1,1,0,0,1,0,0,1,0,1
317,2015,Brisbane,Medical treatment,1,0,1,0,0,0,0,124,0,0,148,12,160
318,2015,Brisbane,Medical treatment,1,0,1,0,0,0,1,8,0,0,9,1,10
319,2015,Brisbane,Medical treatment,1,0,1,0,1,0,0,96,0,0,110,4,114
320,2015,Brisbane,Medical treatment,1,0,1,0,1,0,1,1,0,0,3,0,3
321,2015,Brisbane,Medical treatment,1,0,1,1,0,0,0,17,0,0,21,1,22
322,2015,Brisbane,Medical treatment,1,0,1,1,0,0,1,2,0,0,2,0,2
323,2015,Brisbane,Medical treatment,1,0,1,1,1,0,0,6,0,0,9,0,9
324,2015,Brisbane,Medical treatment,1,1,0,0,0,0,0,352,0,0,410,30,440
325,2015,Brisbane,Medical treatment,1,1,0,0,0,0,1,12,0,0,15,1,16
326,2015,Brisbane,Medical treatment,1,1,0,0,1,0,0,13,0,0,14,1,15
327,2015,Brisbane,Medical treatment,1,1,0,1,0,0,0,130,0,0,165,11,176
328,2015,Brisbane,Medical treatment,1,1,0,1,0,0,1,2,0,0,4,0,4
329,2015,Brisbane,Medical treatment,1,1,0,1,1,0,0,2,0,0,3,0,3
330,2015,Brisbane,Medical treatment,1,1,1,0,0,0,0,148,0,0,185,16,201
331,2015,Brisbane,Medical treatment,1,1,1,0,0,0,1,4,0,0,4,0,4
332,2015,Brisbane,Medical treatment,1,1,1,0,1,0,0,125,0,0,152,14,166
333,2015,Brisbane,Medical treatment,1,1,1,0,1,0,1,3,0,0,3,0,3
334,2015,Brisbane,Medical treatment,1,1,1,1,0,0,0,28,0,0,35,2,37
335,2015,Brisbane,Medical treatment,1,1,1,1,0,0,1,2,0,0,3,0,3
336,2015,Brisbane,Medical treatment,1,1,1,1,1,0,0,16,0,0,27,5,32
337,2015,Brisbane,Medical treatment,1,1,1,1,1,0,1,1,0,0,2,0,2
338,2015,Brisbane,Minor injury,0,0,0,0,0,0,0,7,0,0,0,7,7
339,2015,Brisbane,Minor injury,0,1,0,0,0,0,0,43,0,0,0,52,52
340,2015,Brisbane,Minor injury,0,1,0,0,0,0,1,1,0,0,0,1,1
341,2015,Brisbane,Minor injury,0,1,0,0,1,0,0,1,0,0,0,1,1
342,2015,Brisbane,Minor injury,0,1,0,1,0,0,0,14,0,0,0,18,18
343,2015,Brisbane,Minor injury,0,1,0,1,0,0,1,1,0,0,0,1,1
344,2015,Brisbane,Minor injury,0,1,1,0,0,0,0,13,0,0,0,14,14
345,2015,Brisbane,Minor injury,0,1,1,0,1,0,0,8,0,0,0,11,11
346,2015,Brisbane,Minor injury,0,1,1,1,1,0,0,2,0,0,0,4,4
347,2015,Brisbane,Minor injury,1,0,0,0,0,0,0,61,0,0,0,65,65
348,2015,Brisbane,Minor injury,1,0,0,0,0,0,1,3,0,0,0,4,4
349,2015,Brisbane,Minor injury,1,0,0,0,1,0,0,5,0,0,0,6,6
350,2015,Brisbane,Minor injury,1,0,0,1,0,0,0,19,0,0,0,20,20
351,2015,Brisbane,Minor injury,1,0,0,1,1,0,0,2,0,0,0,2,2
352,2015,Brisbane,Minor injury,1,0,1,0,0,0,0,22,0,0,0,28,28
353,2015,Brisbane,Minor injury,1,0,1,0,0,0,1,1,0,0,0,4,4
354,2015,Brisbane,Minor injury,1,0,1,0,1,0,0,23,0,0,0,29,29
355,2015,Brisbane,Minor injury,1,0,1,1,0,0,0,6,0,0,0,7,7
356,2015,Brisbane,Minor injury,1,0,1,1,1,0,0,1,0,0,0,1,1
357,2015,Brisbane,Minor injury,1,1,0,0,0,0,0,47,0,0,0,57,57
358,2015,Brisbane,Minor injury,1,1,0,0,0,0,1,2,0,0,0,2,2
359,2015,Brisbane,Minor injury,1,1,0,0,1,0,0,3,0,0,0,3,3
360,2015,Brisbane,Minor injury,1,1,0,1,0,0,0,23,0,0,0,28,28
361,2015,Brisbane,Minor injury,1,1,0,1,0,0,1,1,0,0,0,1,1
362,2015,Brisbane,Minor injury,1,1,1,0,0,0,0,20,0,0,0,21,21
363,2015,Brisbane,Minor injury,1,1,1,0,0,0,1,4,0,0,0,5,5
364,2015,Brisbane,Minor injury,1,1,1,0,1,0,0,23,0,0,0,26,26
365,2015,Brisbane,Minor injury,1,1,1,1,0,0,0,6,0,0,0,8,8
366,2015,Brisbane,Minor injury,1,1,1,1,1,0,0,3,0,0,0,4,4
367,2016,Brisbane,Fatal,0,0,0,0,0,0,0,2,2,0,0,0,2
368,2016,Brisbane,Fatal,0,1,0,0,0,0,0,1,1,0,0,0,1
369,2016,Brisbane,Fatal,0,1,1,0,1,0,0,1,1,0,0,0,1
370,2016,Brisbane,Fatal,1,0,0,0,0,0,0,13,13,0,0,0,13
371,2016,Brisbane,Fatal,1,0,0,0,0,0,1,2,2,0,0,0,2
372,2016,Brisbane,Fatal,1,0,0,0,1,0,0,3,3,0,1,1,5
373,2016,Brisbane,Fatal,1,0,0,1,0,0,0,5,5,0,0,0,5
374,2016,Brisbane,Fatal,1,0,1,0,0,0,0,4,4,2,0,0,6
375,2016,Brisbane,Fatal,1,0,1,0,0,0,1,2,2,0,1,0,3
376,2016,Brisbane,Fatal,1,0,1,1,1,0,0,1,1,0,0,0,1
377,2016,Brisbane,Fatal,1,1,0,0,0,0,0,1,1,0,0,1,2
378,2016,Brisbane,Fatal,1,1,0,1,0,0,0,2,2,0,2,1,5
379,2016,Brisbane,Fatal,1,1,1,0,0,0,0,1,1,2,0,0,3
380,2016,Brisbane,Fatal,1,1,1,0,0,0,1,1,1,0,0,0,1
381,2016,Brisbane,Hospitalisation,0,0,0,0,0,0,0,24,0,25,1,1,27
382,2016,Brisbane,Hospitalisation,0,0,1,0,0,0,1,1,0,1,0,0,1
383,2016,Brisbane,Hospitalisation,0,1,0,0,0,0,0,170,0,184,13,9,206
384,2016,Brisbane,Hospitalisation,0,1,0,0,0,0,1,6,0,7,1,0,8
385,2016,Brisbane,Hospitalisation,0,1,0,0,1,0,0,6,0,7,2,3,12
386,2016,Brisbane,Hospitalisation,0,1,0,1,0,0,0,49,0,55,6,5,66
387,2016,Brisbane,Hospitalisation,0,1,0,1,0,0,1,1,0,1,0,0,1
388,2016,Brisbane,Hospitalisation,0,1,1,0,0,0,0,33,0,41,5,5,51
389,2016,Brisbane,Hospitalisation,0,1,1,0,0,0,1,3,0,4,0,0,4
390,2016,Brisbane,Hospitalisation,0,1,1,0,1,0,0,46,0,61,7,0,68
391,2016,Brisbane,Hospitalisation,0,1,1,1,0,0,0,2,0,3,0,0,3
392,2016,Brisbane,Hospitalisation,0,1,1,1,1,0,0,5,0,7,1,1,9
393,2016,Brisbane,Hospitalisation,1,0,0,0,0,0,0,352,0,374,20,11,405
394,2016,Brisbane,Hospitalisation,1,0,0,0,0,0,1,27,0,32,1,1,34
395,2016,Brisbane,Hospitalisation,1,0,0,0,1,0,0,17,0,20,1,4,25
396,2016,Brisbane,Hospitalisation,1,0,0,1,0,0,0,117,0,126,8,3,137
397,2016,Brisbane,Hospitalisation,1,0,0,1,0,0,1,3,0,4,0,0,4
398,2016,Brisbane,Hospitalisation,1,0,0,1,1,0,0,1,0,1,0,1,2
399,2016,Brisbane,Hospitalisation,1,0,1,0,0,0,0,96,0,104,8,8,120
400,2016,Brisbane,Hospitalisation,1,0,1,0,0,0,1,18,0,21,0,0,21
401,2016,Brisbane,Hospitalisation,1,0,1,0,1,0,0,74,0,86,6,6,98
402,2016,Brisbane,Hospitalisation,1,0,1,0,1,0,1,3,0,3,1,3,7
403,2016,Brisbane,Hospitalisation,1,0,1,1,0,0,0,15,0,20,6,2,28
404,2016,Brisbane,Hospitalisation,1,0,1,1,1,0,0,6,0,8,3,0,11
405,2016,Brisbane,Hospitalisation,1,0,1,1,1,0,1,1,0,1,0,0,1
406,2016,Brisbane,Hospitalisation,1,1,0,0,0,0,0,125,0,152,30,12,194
407,2016,Brisbane,Hospitalisation,1,1,0,0,0,0,1,16,0,21,2,1,24
408,2016,Brisbane,Hospitalisation,1,1,0,0,1,0,0,7,0,11,1,2,14
409,2016,Brisbane,Hospitalisation,1,1,0,1,0,0,0,77,0,92,17,9,118
410,2016,Brisbane,Hospitalisation,1,1,0,1,1,0,0,1,0,1,0,0,1
411,2016,Brisbane,Hospitalisation,1,1,1,0,0,0,0,45,0,57,11,4,72
412,2016,Brisbane,Hospitalisation,1,1,1,0,0,0,1,5,0,6,3,0,9
413,2016,Brisbane,Hospitalisation,1,1,1,0,1,0,0,57,0,64,19,6,89
414,2016,Brisbane,Hospitalisation,1,1,1,0,1,0,1,3,0,5,2,1,8
415,2016,Brisbane,Hospitalisation,1,1,1,1,0,0,0,20,0,30,3,0,33
416,2016,Brisbane,Hospitalisation,1,1,1,1,1,0,0,16,0,20,3,4,27
417,2016,Brisbane,Medical treatment,0,0,0,0,0,0,0,35,0,0,36,0,36
418,2016,Brisbane,Medical treatment,0,1,0,0,0,0,0,196,0,0,221,9,230
419,2016,Brisbane,Medical treatment,0,1,0,0,0,0,1,4,0,0,6,0,6
420,2016,Brisbane,Medical treatment,0,1,0,0,1,0,0,9,0,0,12,0,12
421,2016,Brisbane,Medical treatment,0,1,0,1,0,0,0,57,0,0,62,5,67
422,2016,Brisbane,Medical treatment,0,1,0,1,0,0,1,1,0,0,1,0,1
423,2016,Brisbane,Medical treatment,0,1,0,1,1,0,0,1,0,0,1,0,1
424,2016,Brisbane,Medical treatment,0,1,1,0,0,0,0,73,0,0,86,6,92
425,2016,Brisbane,Medical treatment,0,1,1,0,0,0,1,3,0,0,4,0,4
426,2016,Brisbane,Medical treatment,0,1,1,0,1,0,0,69,0,0,77,3,80
427,2016,Brisbane,Medical treatment,0,1,1,0,1,0,1,2,0,0,3,0,3
428,2016,Brisbane,Medical treatment,0,1,1,1,0,0,0,8,0,0,11,1,12
429,2016,Brisbane,Medical treatment,0,1,1,1,1,0,0,6,0,0,7,1,8
430,2016,Brisbane,Medical treatment,1,0,0,0,0,0,0,402,0,0,442,13,455
431,2016,Brisbane,Medical treatment,1,0,0,0,0,0,1,18,0,0,23,0,23
432,2016,Brisbane,Medical treatment,1,0,0,0,1,0,0,16,0,0,21,4,25
433,2016,Brisbane,Medical treatment,1,0,0,1,0,0,0,111,0,0,126,7,133
434,2016,Brisbane,Medical treatment,1,0,0,1,0,0,1,4,0,0,5,0,5
435,2016,Brisbane,Medical treatment,1,0,1,0,0,0,0,147,0,0,166,16,182
436,2016,Brisbane,Medical treatment,1,0,1,0,0,0,1,15,0,0,17,2,19
437,2016,Brisbane,Medical treatment,1,0,1,0,1,0,0,109,0,0,134,9,143
438,2016,Brisbane,Medical treatment,1,0,1,0,1,0,1,2,0,0,3,0,3
439,2016,Brisbane,Medical treatment,1,0,1,1,0,0,0,9,0,0,13,3,16
440,2016,Brisbane,Medical treatment,1,0,1,1,0,0,1,1,0,0,2,0,2
441,2016,Brisbane,Medical treatment,1,0,1,1,1,0,0,11,0,0,11,2,13
442,2016,Brisbane,Medical treatment,1,1,0,0,0,0,0,341,0,0,407,25,432
443,2016,Brisbane,Medical treatment,1,1,0,0,0,0,1,11,0,0,15,0,15
444,2016,Brisbane,Medical treatment,1,1,0,0,1,0,0,14,0,0,16,0,16
445,2016,Brisbane,Medical treatment,1,1,0,0,1,0,1,1,0,0,1,0,1
446,2016,Brisbane,Medical treatment,1,1,0,1,0,0,0,111,0,0,144,12,156
447,2016,Brisbane,Medical treatment,1,1,0,1,0,0,1,2,0,0,2,0,2
448,2016,Brisbane,Medical treatment,1,1,0,1,1,0,0,2,0,0,3,0,3
449,2016,Brisbane,Medical treatment,1,1,1,0,0,0,0,155,0,0,177,11,188
450,2016,Brisbane,Medical treatment,1,1,1,0,0,0,1,6,0,0,7,1,8
451,2016,Brisbane,Medical treatment,1,1,1,0,1,0,0,141,0,0,178,15,193
452,2016,Brisbane,Medical treatment,1,1,1,0,1,0,1,2,0,0,2,1,3
453,2016,Brisbane,Medical treatment,1,1,1,1,0,0,0,26,0,0,41,1,42
454,2016,Brisbane,Medical treatment,1,1,1,1,0,0,1,2,0,0,3,0,3
455,2016,Brisbane,Medical treatment,1,1,1,1,1,0,0,26,0,0,35,3,38
456,2016,Brisbane,Minor injury,0,0,0,0,0,0,0,10,0,0,0,10,10
457,2016,Brisbane,Minor injury,0,1,0,0,0,0,0,50,0,0,0,54,54
458,2016,Brisbane,Minor injury,0,1,0,0,1,0,0,1,0,0,0,2,2
459,2016,Brisbane,Minor injury,0,1,0,1,0,0,0,22,0,0,0,25,25
460,2016,Brisbane,Minor injury,0,1,1,0,0,0,0,15,0,0,0,16,16
461,2016,Brisbane,Minor injury,0,1,1,0,0,0,1,1,0,0,0,2,2
462,2016,Brisbane,Minor injury,0,1,1,0,1,0,0,6,0,0,0,7,7
463,2016,Brisbane,Minor injury,0,1,1,0,1,0,1,1,0,0,0,3,3
464,2016,Brisbane,Minor injury,1,0,0,0,0,0,0,102,0,0,0,118,118
465,2016,Brisbane,Minor injury,1,0,0,0,0,0,1,2,0,0,0,2,2
466,2016,Brisbane,Minor injury,1,0,0,0,1,0,0,3,0,0,0,4,4
467,2016,Brisbane,Minor injury,1,0,0,1,0,0,0,26,0,0,0,31,31
468,2016,Brisbane,Minor injury,1,0,0,1,1,0,0,1,0,0,0,1,1
469,2016,Brisbane,Minor injury,1,0,1,0,0,0,0,28,0,0,0,33,33
470,2016,Brisbane,Minor injury,1,0,1,0,0,0,1,6,0,0,0,6,6
471,2016,Brisbane,Minor injury,1,0,1,0,1,0,0,22,0,0,0,26,26
472,2016,Brisbane,Minor injury,1,0,1,1,1,0,0,2,0,0,0,2,2
473,2016,Brisbane,Minor injury,1,1,0,0,0,0,0,76,0,0,0,96,96
474,2016,Brisbane,Minor injury,1,1,0,0,0,0,1,1,0,0,0,1,1
475,2016,Brisbane,Minor injury,1,1,0,0,1,0,0,6,0,0,0,7,7
476,2016,Brisbane,Minor injury,1,1,0,1,0,0,0,21,0,0,0,23,23
477,2016,Brisbane,Minor injury,1,1,0,1,0,0,1,1,0,0,0,1,1
478,2016,Brisbane,Minor injury,1,1,1,0,0,0,0,31,0,0,0,34,34
479,2016,Brisbane,Minor injury,1,1,1,0,1,0,0,18,0,0,0,20,20
480,2016,Brisbane,Minor injury,1,1,1,1,0,0,0,5,0,0,0,5,5
481,2016,Brisbane,Minor injury,1,1,1,1,1,0,0,3,0,0,0,5,5
482,2017,Brisbane,Fatal,0,1,0,0,0,0,0,2,2,0,0,0,2
483,2017,Brisbane,Fatal,0,1,0,0,0,0,1,1,1,0,0,0,1
484,2017,Brisbane,Fatal,0,1,0,1,0,0,0,2,2,0,0,0,2
485,2017,Brisbane,Fatal,0,1,0,1,1,0,0,1,1,2,0,0,3
486,2017,Brisbane,Fatal,0,1,1,0,0,0,0,3,3,3,1,0,7
487,2017,Brisbane,Fatal,1,0,0,0,0,0,0,9,9,0,0,1,10
488,2017,Brisbane,Fatal,1,0,0,1,0,0,0,5,5,2,0,0,7
489,2017,Brisbane,Fatal,1,0,0,1,0,0,1,1,1,0,0,0,1
490,2017,Brisbane,Fatal,1,0,1,0,0,0,0,2,2,0,1,0,3
491,2017,Brisbane,Fatal,1,0,1,0,1,0,0,3,3,1,0,0,4
492,2017,Brisbane,Fatal,1,0,1,1,0,0,0,1,1,0,0,0,1
493,2017,Brisbane,Fatal,1,1,0,1,0,0,0,1,1,0,0,0,1
494,2017,Brisbane,Fatal,1,1,1,0,0,0,0,3,4,3,1,0,8
495,2017,Brisbane,Fatal,1,1,1,1,0,0,0,1,1,0,0,0,1
496,2017,Brisbane,Hospitalisation,0,0,0,0,0,0,0,33,0,37,3,3,43
497,2017,Brisbane,Hospitalisation,0,0,0,1,0,0,0,2,0,2,0,0,2
498,2017,Brisbane,Hospitalisation,0,1,0,0,0,0,0,133,0,141,3,5,149
499,2017,Brisbane,Hospitalisation,0,1,0,0,0,0,1,5,0,6,1,0,7
500,2017,Brisbane,Hospitalisation,0,1,0,0,1,0,0,3,0,4,0,0,4
501,2017,Brisbane,Hospitalisation,0,1,0,1,0,0,0,57,0,68,3,4,75
502,2017,Brisbane,Hospitalisation,0,1,1,0,0,0,0,28,0,34,4,5,43
503,2017,Brisbane,Hospitalisation,0,1,1,0,0,0,1,4,0,4,1,0,5
504,2017,Brisbane,Hospitalisation,0,1,1,0,1,0,0,37,0,42,5,4,51
505,2017,Brisbane,Hospitalisation,0,1,1,1,0,0,0,3,0,3,0,0,3
506,2017,Brisbane,Hospitalisation,0,1,1,1,1,0,0,2,0,3,1,0,4
507,2017,Brisbane,Hospitalisation,1,0,0,0,0,0,0,338,0,363,16,15,394
508,2017,Brisbane,Hospitalisation,1,0,0,0,0,0,1,24,0,28,1,0,29
509,2017,Brisbane,Hospitalisation,1,0,0,0,1,0,0,18,0,20,2,1,23
510,2017,Brisbane,Hospitalisation,1,0,0,1,0,0,0,119,0,126,9,9,144
511,2017,Brisbane,Hospitalisation,1,0,0,1,0,0,1,1,0,2,0,1,3
512,2017,Brisbane,Hospitalisation,1,0,0,1,1,0,1,1,0,1,0,1,2
513,2017,Brisbane,Hospitalisation,1,0,1,0,0,0,0,101,0,117,7,6,130
514,2017,Brisbane,Hospitalisation,1,0,1,0,0,0,1,14,0,16,1,2,19
515,2017,Brisbane,Hospitalisation,1,0,1,0,1,0,0,86,0,103,8,4,115
516,2017,Brisbane,Hospitalisation,1,0,1,0,1,0,1,1,0,3,0,0,3
517,2017,Brisbane,Hospitalisation,1,0,1,1,0,0,0,5,0,8,1,0,9
518,2017,Brisbane,Hospitalisation,1,0,1,1,1,0,0,12,0,17,4,1,22
519,2017,Brisbane,Hospitalisation,1,1,0,0,0,0,0,153,0,180,26,27,233
520,2017,Brisbane,Hospitalisation,1,1,0,0,0,0,1,9,0,12,0,3,15
521,2017,Brisbane,Hospitalisation,1,1,0,0,1,0,0,12,0,17,1,2,20
522,2017,Brisbane,Hospitalisation,1,1,0,1,0,0,0,83,0,95,16,10,121
523,2017,Brisbane,Hospitalisation,1,1,0,1,0,0,1,2,0,2,0,0,2
524,2017,Brisbane,Hospitalisation,1,1,0,1,1,0,0,2,0,2,1,0,3
525,2017,Brisbane,Hospitalisation,1,1,1,0,0,0,0,63,0,78,7,9,94
526,2017,Brisbane,Hospitalisation,1,1,1,0,0,0,1,5,0,13,1,0,14
527,2017,Brisbane,Hospitalisation,1,1,1,0,1,0,0,52,0,66,9,11,86
528,2017,Brisbane,Hospitalisation,1,1,1,1,0,0,0,13,0,14,2,3,19
529,2017,Brisbane,Hospitalisation,1,1,1,1,0,0,1,2,0,2,2,0,4
530,2017,Brisbane,Hospitalisation,1,1,1,1,1,0,0,8,0,13,2,0,15
531,2017,Brisbane,Medical treatment,0,0,0,0,0,0,0,33,0,0,34,2,36
532,2017,Brisbane,Medical treatment,0,1,0,0,0,0,0,211,0,0,241,13,254
533,2017,Brisbane,Medical treatment,0,1,0,0,0,0,1,9,0,0,11,1,12
534,2017,Brisbane,Medical treatment,0,1,0,0,1,0,0,2,0,0,2,1,3
535,2017,Brisbane,Medical treatment,0,1,0,1,0,0,0,49,0,0,52,4,56
536,2017,Brisbane,Medical treatment,0,1,0,1,0,0,1,1,0,0,1,0,1
537,2017,Brisbane,Medical treatment,0,1,1,0,0,0,0,64,0,0,71,10,81
538,2017,Brisbane,Medical treatment,0,1,1,0,1,0,0,74,0,0,88,4,92
539,2017,Brisbane,Medical treatment,0,1,1,1,0,0,0,6,0,0,7,1,8
540,2017,Brisbane,Medical treatment,0,1,1,1,1,0,0,8,0,0,10,3,13
541,2017,Brisbane,Medical treatment,1,0,0,0,0,0,0,404,0,0,439,22,461
542,2017,Brisbane,Medical treatment,1,0,0,0,0,0,1,17,0,0,18,2,20
543,2017,Brisbane,Medical treatment,1,0,0,0,1,0,0,19,0,0,24,0,24
544,2017,Brisbane,Medical treatment,1,0,0,1,0,0,0,123,0,0,135,5,140
545,2017,Brisbane,Medical treatment,1,0,0,1,0,0,1,3,0,0,3,0,3
546,2017,Brisbane,Medical treatment,1,0,0,1,1,0,0,2,0,0,4,0,4
547,2017,Brisbane,Medical treatment,1,0,1,0,0,0,0,138,0,0,156,6,162
548,2017,Brisbane,Medical treatment,1,0,1,0,0,0,1,10,0,0,11,0,11
549,2017,Brisbane,Medical treatment,1,0,1,0,1,0,0,89,0,0,103,8,111
550,2017,Brisbane,Medical treatment,1,0,1,0,1,0,1,2,0,0,4,0,4
551,2017,Brisbane,Medical treatment,1,0,1,1,0,0,0,10,0,0,13,2,15
552,2017,Brisbane,Medical treatment,1,0,1,1,1,0,0,8,0,0,8,2,10
553,2017,Brisbane,Medical treatment,1,1,0,0,0,0,0,349,0,0,403,37,440
554,2017,Brisbane,Medical treatment,1,1,0,0,0,0,1,6,0,0,8,0,8
555,2017,Brisbane,Medical treatment,1,1,0,0,1,0,0,22,0,0,24,5,29
556,2017,Brisbane,Medical treatment,1,1,0,1,0,0,0,105,0,0,121,13,134
557,2017,Brisbane,Medical treatment,1,1,0,1,0,0,1,5,0,0,7,0,7
558,2017,Brisbane,Medical treatment,1,1,0,1,1,0,0,4,0,0,4,0,4
559,2017,Brisbane,Medical treatment,1,1,1,0,0,0,0,166,0,0,196,18,214
560,2017,Brisbane,Medical treatment,1,1,1,0,0,0,1,10,0,0,10,1,11
561,2017,Brisbane,Medical treatment,1,1,1,0,1,0,0,154,0,0,188,24,212
562,2017,Brisbane,Medical treatment,1,1,1,0,1,0,1,1,0,0,1,0,1
563,2017,Brisbane,Medical treatment,1,1,1,1,0,0,0,19,0,0,25,3,28
564,2017,Brisbane,Medical treatment,1,1,1,1,0,0,1,1,0,0,1,0,1
565,2017,Brisbane,Medical treatment,1,1,1,1,1,0,0,37,0,0,44,1,45
566,2017,Brisbane,Minor injury,0,0,0,0,0,0,0,14,0,0,0,17,17
567,2017,Brisbane,Minor injury,0,1,0,0,0,0,0,48,0,0,0,54,54
568,2017,Brisbane,Minor injury,0,1,0,0,0,0,1,2,0,0,0,2,2
569,2017,Brisbane,Minor injury,0,1,0,1,0,0,0,13,0,0,0,15,15
570,2017,Brisbane,Minor injury,0,1,1,0,0,0,0,21,0,0,0,27,27
571,2017,Brisbane,Minor injury,0,1,1,0,0,0,1,1,0,0,0,1,1
572,2017,Brisbane,Minor injury,0,1,1,0,1,0,0,18,0,0,0,20,20
573,2017,Brisbane,Minor injury,0,1,1,1,0,0,0,1,0,0,0,1,1
574,2017,Brisbane,Minor injury,0,1,1,1,1,0,0,2,0,0,0,3,3
575,2017,Brisbane,Minor injury,1,0,0,0,0,0,0,119,0,0,0,129,129
576,2017,Brisbane,Minor injury,1,0,0,0,0,0,1,5,0,0,0,6,6
577,2017,Brisbane,Minor injury,1,0,0,0,1,0,0,3,0,0,0,3,3
578,2017,Brisbane,Minor injury,1,0,0,1,0,0,0,39,0,0,0,42,42
579,2017,Brisbane,Minor injury,1,0,0,1,0,0,1,3,0,0,0,5,5
580,2017,Brisbane,Minor injury,1,0,0,1,1,0,0,2,0,0,0,4,4
581,2017,Brisbane,Minor injury,1,0,1,0,0,0,0,37,0,0,0,41,41
582,2017,Brisbane,Minor injury,1,0,1,0,0,0,1,5,0,0,0,5,5
583,2017,Brisbane,Minor injury,1,0,1,0,1,0,0,33,0,0,0,43,43
584,2017,Brisbane,Minor injury,1,0,1,0,1,0,1,1,0,0,0,1,1
585,2017,Brisbane,Minor injury,1,0,1,1,0,0,0,5,0,0,0,6,6
586,2017,Brisbane,Minor injury,1,0,1,1,1,0,0,6,0,0,0,9,9
587,2017,Brisbane,Minor injury,1,1,0,0,0,0,0,114,0,0,0,139,139
588,2017,Brisbane,Minor injury,1,1,0,0,0,0,1,4,0,0,0,4,4
589,2017,Brisbane,Minor injury,1,1,0,0,1,0,0,8,0,0,0,8,8
590,2017,Brisbane,Minor injury,1,1,0,1,0,0,0,43,0,0,0,45,45
591,2017,Brisbane,Minor injury,1,1,0,1,0,0,1,2,0,0,0,3,3
592,2017,Brisbane,Minor injury,1,1,1,0,0,0,0,39,0,0,0,43,43
593,2017,Brisbane,Minor injury,1,1,1,0,0,0,1,3,0,0,0,3,3
594,2017,Brisbane,Minor injury,1,1,1,0,1,0,0,40,0,0,0,53,53
595,2017,Brisbane,Minor injury,1,1,1,0,1,0,1,1,0,0,0,1,1
596,2017,Brisbane,Minor injury,1,1,1,1,0,0,0,9,0,0,0,14,14
597,2017,Brisbane,Minor injury,1,1,1,1,1,0,0,4,0,0,0,5,5
598,2018,Brisbane,Fatal,0,0,0,0,0,0,0,1,1,0,0,0,1
599,2018,Brisbane,Fatal,0,1,0,0,0,0,0,6,6,3,0,0,9
600,2018,Brisbane,Fatal,0,1,0,1,0,0,0,1,1,0,0,0,1
601,2018,Brisbane,Fatal,1,0,0,0,0,0,0,5,5,1,0,0,6
602,2018,Brisbane,Fatal,1,0,0,0,0,0,1,1,1,1,0,0,2
603,2018,Brisbane,Fatal,1,0,0,1,0,0,0,2,2,0,0,0,2
604,2018,Brisbane,Fatal,1,0,1,0,0,0,0,1,1,1,3,0,5
605,2018,Brisbane,Fatal,1,0,1,0,1,0,0,3,3,4,0,0,7
606,2018,Brisbane,Fatal,1,0,1,1,0,0,0,1,1,0,1,0,2
607,2018,Brisbane,Fatal,1,1,0,0,0,0,0,2,2,5,0,0,7
608,2018,Brisbane,Fatal,1,1,0,1,0,0,0,1,1,0,0,0,1
609,2018,Brisbane,Fatal,1,1,0,1,1,0,0,1,1,2,0,0,3
610,2018,Brisbane,Fatal,1,1,1,0,0,0,0,1,1,2,1,0,4
611,2018,Brisbane,Fatal,1,1,1,0,1,0,0,2,3,0,2,0,5
612,2018,Brisbane,Fatal,1,1,1,1,0,0,0,1,1,1,0,0,2
613,2018,Brisbane,Hospitalisation,0,0,0,0,0,0,0,33,0,33,0,2,35
614,2018,Brisbane,Hospitalisation,0,1,0,0,0,0,0,143,0,159,6,6,171
615,2018,Brisbane,Hospitalisation,0,1,0,0,0,0,1,7,0,7,0,0,7
616,2018,Brisbane,Hospitalisation,0,1,0,0,1,0,0,10,0,10,1,0,11
617,2018,Brisbane,Hospitalisation,0,1,0,1,0,0,0,51,0,60,9,0,69
618,2018,Brisbane,Hospitalisation,0,1,0,1,0,0,1,1,0,2,0,0,2
619,2018,Brisbane,Hospitalisation,0,1,0,1,1,0,0,1,0,1,0,1,2
620,2018,Brisbane,Hospitalisation,0,1,1,0,0,0,0,33,0,37,1,2,40
621,2018,Brisbane,Hospitalisation,0,1,1,0,0,0,1,5,0,7,2,0,9
622,2018,Brisbane,Hospitalisation,0,1,1,0,1,0,0,36,0,44,5,3,52
623,2018,Brisbane,Hospitalisation,0,1,1,1,0,0,0,5,0,8,2,2,12
624,2018,Brisbane,Hospitalisation,0,1,1,1,1,0,0,4,0,5,0,0,5
625,2018,Brisbane,Hospitalisation,1,0,0,0,0,0,0,338,0,368,18,18,404
626,2018,Brisbane,Hospitalisation,1,0,0,0,0,0,1,22,0,28,1,2,31
627,2018,Brisbane,Hospitalisation,1,0,0,0,1,0,0,9,0,9,1,1,11
628,2018,Brisbane,Hospitalisation,1,0,0,0,1,0,1,1,0,1,0,0,1
629,2018,Brisbane,Hospitalisation,1,0,0,1,0,0,0,88,0,98,7,7,112
630,2018,Brisbane,Hospitalisation,1,0,0,1,0,0,1,8,0,13,0,1,14
631,2018,Brisbane,Hospitalisation,1,0,0,1,1,0,0,2,0,2,1,0,3
632,2018,Brisbane,Hospitalisation,1,0,1,0,0,0,0,100,0,112,10,6,128
633,2018,Brisbane,Hospitalisation,1,0,1,0,0,0,1,14,0,18,1,1,20
634,2018,Brisbane,Hospitalisation,1,0,1,0,1,0,0,78,0,99,6,8,113
635,2018,Brisbane,Hospitalisation,1,0,1,0,1,0,1,3,0,3,1,0,4
636,2018,Brisbane,Hospitalisation,1,0,1,1,0,0,0,7,0,10,3,0,13
637,2018,Brisbane,Hospitalisation,1,0,1,1,0,0,1,2,0,2,0,0,2
638,2018,Brisbane,Hospitalisation,1,0,1,1,1,0,0,3,0,3,0,1,4
639,2018,Brisbane,Hospitalisation,1,0,1,1,1,0,1,1,0,1,0,0,1
640,2018,Brisbane,Hospitalisation,1,1,0,0,0,0,0,135,0,172,21,20,213
641,2018,Brisbane,Hospitalisation,1,1,0,0,0,0,1,8,0,11,1,2,14
642,2018,Brisbane,Hospitalisation,1,1,0,0,1,0,0,8,0,12,1,1,14
643,2018,Brisbane,Hospitalisation,1,1,0,1,0,0,0,99,0,125,11,14,150
644,2018,Brisbane,Hospitalisation,1,1,0,1,0,0,1,6,0,8,0,1,9
645,2018,Brisbane,Hospitalisation,1,1,0,1,1,0,0,6,0,9,0,2,11
646,2018,Brisbane,Hospitalisation,1,1,1,0,0,0,0,65,0,85,4,12,101
647,2018,Brisbane,Hospitalisation,1,1,1,0,0,0,1,11,0,12,2,1,15
648,2018,Brisbane,Hospitalisation,1,1,1,0,1,0,0,55,0,65,7,8,80
649,2018,Brisbane,Hospitalisation,1,1,1,0,1,0,1,4,0,4,1,1,6
650,2018,Brisbane,Hospitalisation,1,1,1,1,0,0,0,16,0,23,3,2,28
651,2018,Brisbane,Hospitalisation,1,1,1,1,0,0,1,1,0,2,1,0,3
652,2018,Brisbane,Hospitalisation,1,1,1,1,1,0,0,14,0,20,0,1,21
653,2018,Brisbane,Medical treatment,0,0,0,0,0,0,0,28,0,0,28,0,28
654,2018,Brisbane,Medical treatment,0,1,0,0,0,0,0,205,0,0,226,13,239
655,2018,Brisbane,Medical treatment,0,1,0,0,0,0,1,1,0,0,1,0,1
656,2018,Brisbane,Medical treatment,0,1,0,0,1,0,0,3,0,0,4,0,4
657,2018,Brisbane,Medical treatment,0,1,0,1,0,0,0,52,0,0,68,2,70
658,2018,Brisbane,Medical treatment,0,1,0,1,0,0,1,2,0,0,2,0,2
659,2018,Brisbane,Medical treatment,0,1,1,0,0,0,0,66,0,0,72,5,77
660,2018,Brisbane,Medical treatment,0,1,1,0,1,0,0,59,0,0,71,5,76
661,2018,Brisbane,Medical treatment,0,1,1,0,1,0,1,1,0,0,2,0,2
662,2018,Brisbane,Medical treatment,0,1,1,1,0,0,0,5,0,0,5,0,5
663,2018,Brisbane,Medical treatment,0,1,1,1,1,0,0,3,0,0,3,0,3
664,2018,Brisbane,Medical treatment,1,0,0,0,0,0,0,387,0,0,420,31,451
665,2018,Brisbane,Medical treatment,1,0,0,0,0,0,1,20,0,0,21,2,23
666,2018,Brisbane,Medical treatment,1,0,0,0,1,0,0,12,0,0,12,0,12
667,2018,Brisbane,Medical treatment,1,0,0,1,0,0,0,117,0,0,136,11,147
668,2018,Brisbane,Medical treatment,1,0,0,1,0,0,1,2,0,0,2,0,2
669,2018,Brisbane,Medical treatment,1,0,0,1,1,0,0,2,0,0,2,0,2
670,2018,Brisbane,Medical treatment,1,0,1,0,0,0,0,129,0,0,146,12,158
671,2018,Brisbane,Medical treatment,1,0,1,0,0,0,1,6,0,0,7,0,7
672,2018,Brisbane,Medical treatment,1,0,1,0,1,0,0,102,0,0,114,7,121
673,2018,Brisbane,Medical treatment,1,0,1,0,1,0,1,3,0,0,4,0,4
674,2018,Brisbane,Medical treatment,1,0,1,1,0,0,0,8,0,0,11,0,11
675,2018,Brisbane,Medical treatment,1,0,1,1,0,0,1,1,0,0,1,0,1
676,2018,Brisbane,Medical treatment,1,0,1,1,1,0,0,8,0,0,11,0,11
677,2018,Brisbane,Medical treatment,1,1,0,0,0,0,0,351,0,0,413,41,454
678,2018,Brisbane,Medical treatment,1,1,0,0,0,0,1,17,0,0,18,4,22
679,2018,Brisbane,Medical treatment,1,1,0,0,1,0,0,18,0,0,23,1,24
680,2018,Brisbane,Medical treatment,1,1,0,1,0,0,0,133,0,0,158,12,170
681,2018,Brisbane,Medical treatment,1,1,0,1,0,0,1,4,0,0,4,3,7
682,2018,Brisbane,Medical treatment,1,1,0,1,1,0,0,3,0,0,3,0,3
683,2018,Brisbane,Medical treatment,1,1,1,0,0,0,0,147,0,0,173,21,194
684,2018,Brisbane,Medical treatment,1,1,1,0,0,0,1,6,0,0,10,1,11
685,2018,Brisbane,Medical treatment,1,1,1,0,1,0,0,138,0,0,162,26,188
686,2018,Brisbane,Medical treatment,1,1,1,1,0,0,0,26,0,0,31,8,39
687,2018,Brisbane,Medical treatment,1,1,1,1,0,0,1,1,0,0,1,0,1
688,2018,Brisbane,Medical treatment,1,1,1,1,1,0,0,20,0,0,21,3,24
689,2018,Brisbane,Medical treatment,1,1,1,1,1,0,1,1,0,0,1,0,1
690,2018,Brisbane,Minor injury,0,0,0,0,0,0,0,8,0,0,0,8,8
691,2018,Brisbane,Minor injury,0,1,0,0,0,0,0,64,0,0,0,75,75
692,2018,Brisbane,Minor injury,0,1,0,0,0,0,1,1,0,0,0,1,1
693,2018,Brisbane,Minor injury,0,1,0,0,1,0,0,3,0,0,0,3,3
694,2018,Brisbane,Minor injury,0,1,0,1,0,0,0,11,0,0,0,11,11
695,2018,Brisbane,Minor injury,0,1,0,1,0,0,1,1,0,0,0,1,1
696,2018,Brisbane,Minor injury,0,1,1,0,0,0,0,23,0,0,0,26,26
697,2018,Brisbane,Minor injury,0,1,1,0,0,0,1,1,0,0,0,1,1
698,2018,Brisbane,Minor injury,0,1,1,0,1,0,0,22,0,0,0,25,25
699,2018,Brisbane,Minor injury,0,1,1,1,0,0,0,4,0,0,0,5,5
700,2018,Brisbane,Minor injury,1,0,0,0,0,0,0,118,0,0,0,130,130
701,2018,Brisbane,Minor injury,1,0,0,0,0,0,1,7,0,0,0,8,8
702,2018,Brisbane,Minor injury,1,0,0,0,1,0,0,6,0,0,0,7,7
703,2018,Brisbane,Minor injury,1,0,0,1,0,0,0,44,0,0,0,50,50
704,2018,Brisbane,Minor injury,1,0,0,1,0,0,1,1,0,0,0,1,1
705,2018,Brisbane,Minor injury,1,0,0,1,1,0,0,1,0,0,0,1,1
706,2018,Brisbane,Minor injury,1,0,1,0,0,0,0,41,0,0,0,44,44
707,2018,Brisbane,Minor injury,1,0,1,0,0,0,1,6,0,0,0,7,7
708,2018,Brisbane,Minor injury,1,0,1,0,1,0,0,24,0,0,0,30,30
709,2018,Brisbane,Minor injury,1,0,1,1,0,0,0,5,0,0,0,6,6
710,2018,Brisbane,Minor injury,1,0,1,1,1,0,0,4,0,0,0,4,4
711,2018,Brisbane,Minor injury,1,1,0,0,0,0,0,97,0,0,0,112,112
712,2018,Brisbane,Minor injury,1,1,0,0,0,0,1,8,0,0,0,9,9
713,2018,Brisbane,Minor injury,1,1,0,0,1,0,0,5,0,0,0,5,5
714,2018,Brisbane,Minor injury,1,1,0,0,1,0,1,1,0,0,0,1,1
715,2018,Brisbane,Minor injury,1,1,0,1,0,0,0,43,0,0,0,51,51
716,2018,Brisbane,Minor injury,1,1,0,1,0,0,1,2,0,0,0,2,2
717,2018,Brisbane,Minor injury,1,1,0,1,1,0,0,1,0,0,0,1,1
718,2018,Brisbane,Minor injury,1,1,1,0,0,0,0,53,0,0,0,62,62
719,2018,Brisbane,Minor injury,1,1,1,0,0,0,1,2,0,0,0,2,2
720,2018,Brisbane,Minor injury,1,1,1,0,1,0,0,34,0,0,0,46,46
721,2018,Brisbane,Minor injury,1,1,1,0,1,0,1,2,0,0,0,2,2
722,2018,Brisbane,Minor injury,1,1,1,1,0,0,0,8,0,0,0,9,9
723,2018,Brisbane,Minor injury,1,1,1,1,1,0,0,8,0,0,0,11,11
